2026-01-22T14:39:18.329110,"('10.5.50.2', 50543)",GetLoyaltyOnlineStatusRequest,46476,,,,
2026-01-22T14:39:18.457927,"('10.5.50.2', 50543)",FinalizeRewardsRequest,46476,7748,3.01,027000388150,Hunts Tomatoi Paste
2026-01-22T14:39:30.932890,"('10.5.50.2', 50543)",BeginCustomerRequest,46476,,,,
2026-01-22T14:39:50.554639,"('10.5.50.2', 50543)",GetRewardsRequest,46476,9029,,028200003843,Marlboro Gold King Box 5pk
2026-01-22T14:40:08.359351,"('10.5.50.2', 50543)",FinalizeRewardsRequest,46476,7748,3.01,027000388150,Hunts Tomatoi Paste
2026-01-22T14:40:18.373182,"('10.5.50.2', 50543)",GetLoyaltyOnlineStatusRequest,46476,,,,
2026-01-22T14:40:28.605080,"('10.5.50.2', 50543)",GetRewardsRequest,46476,9029,,028200003843,Marlboro Gold King Box 5pk
2026-01-22T14:40:58.360426,"('10.5.50.2', 50543)",FinalizeRewardsRequest,46476,7748,3.01,027000388150,Hunts Tomatoi Paste
2026-01-22T14:41:18.407428,"('10.5.50.2', 50543)",GetLoyaltyOnlineStatusRequest,46476,,,,
