2026-01-20T12:12:40.253317,"('10.5.50.2', 53422)",GetLoyaltyOnlineStatusRequest,46476,,,,
2026-01-20T12:12:40.377824,"('10.5.50.2', 53422)",FinalizeRewardsRequest,46476,7748,3.01,027000388150,Hunts Tomatoi Paste
2026-01-20T12:12:48.324427,"('10.5.50.2', 53422)",GetRewardsRequest,46476,8442,,028200003843,Marlboro Gold King Box 5pk
2026-01-20T12:13:22.044243,"('10.5.50.2', 53422)",GetRewardsRequest,46476,8442,,028200003843,Marlboro Gold King Box 5pk
2026-01-20T12:13:30.290491,"('10.5.50.2', 53422)",FinalizeRewardsRequest,46476,7748,3.01,027000388150,Hunts Tomatoi Paste
2026-01-20T12:13:40.279385,"('10.5.50.2', 53422)",GetLoyaltyOnlineStatusRequest,46476,,,,
2026-01-20T12:14:20.284726,"('10.5.50.2', 53422)",FinalizeRewardsRequest,46476,7748,3.01,027000388150,Hunts Tomatoi Paste
2026-01-20T12:14:40.310927,"('10.5.50.2', 53422)",GetLoyaltyOnlineStatusRequest,46476,,,,
