2026-01-26T12:50:54.291686,"('10.5.50.2', 55940)",GetLoyaltyOnlineStatusRequest,46476,,,,
2026-01-26T12:50:54.411839,"('10.5.50.2', 55940)",FinalizeRewardsRequest,46476,7748,3.01,027000388150,Hunts Tomatoi Paste
2026-01-26T12:51:19.160713,"('10.5.50.2', 55940)",GetRewardsRequest,46476,9771,,028200003843,Marlboro Gold King Box 5pk
2026-01-26T12:51:44.337293,"('10.5.50.2', 55940)",FinalizeRewardsRequest,46476,7748,3.01,027000388150,Hunts Tomatoi Paste
2026-01-26T12:51:54.308748,"('10.5.50.2', 55940)",GetLoyaltyOnlineStatusRequest,46476,,,,
2026-01-26T12:52:00.183559,"('10.5.50.2', 55940)",BeginCustomerRequest,46476,,,,
2026-01-26T12:52:25.176209,"('10.5.50.2', 55940)",GetRewardsRequest,46476,9772,,028200003843,Marlboro Gold King Box 5pk
2026-01-26T12:52:34.345694,"('10.5.50.2', 55940)",FinalizeRewardsRequest,46476,7748,3.01,027000388150,Hunts Tomatoi Paste
2026-01-26T12:52:54.339218,"('10.5.50.2', 55940)",GetLoyaltyOnlineStatusRequest,46476,,,,
